id;title;content;date
1;classic;../fake-data/blob/hipster.txt;2024-07-31T14:09:32
2;besides investigation waylay;../fake-data/blob/hipster.txt;2024-07-31T14:54:50
3;muted;../fake-data/blob/hipster.txt;2024-07-31T11:18:22
4;generally grown where;../fake-data/blob/hipster.txt;2024-07-31T06:24:43
5;movie psst;../fake-data/blob/hipster.txt;2024-07-31T14:49:43
6;conflict;../fake-data/blob/hipster.txt;2024-07-31T06:56:54
7;usually very;../fake-data/blob/hipster.txt;2024-07-31T12:05:45
8;phosphate;../fake-data/blob/hipster.txt;2024-07-30T22:50:13
9;motivate brewer restfully;../fake-data/blob/hipster.txt;2024-07-31T01:02:40
10;and judgementally yahoo;../fake-data/blob/hipster.txt;2024-07-30T21:45:03
